t,c,w,R,Rate_c,Rate_w,
0.1,1.,-2.0729104585167e+027,-1.8084649863757e+024,1.8084649866514e+024,-1.7671207952474e+029,
0.2,1.,-4.938940101261e+027,-1.8084649863757e+024,1.8084649866514e+024,-1.7599557211405e+029,
0.3,1.,-7.7342072199966e+027,-1.8084649863757e+024,1.8084649866514e+024,-1.7529675533437e+029,
0.4,1.,-1.0460458947666e+028,-1.8084649863757e+024,1.8084649866514e+024,-1.7461519240245e+029,
0.5,1.,-1.3119399280347e+028,-1.8084649863757e+024,1.8084649866514e+024,-1.7395045731928e+029,
0.6,1.,-1.5712690142302e+028,-1.8084649863757e+024,1.8084649866514e+024,-1.7330213460379e+029,
0.7,1.,-1.824195242474e+028,-1.8084649863757e+024,1.8084649866514e+024,-1.7266981903318e+029,
0.8,1.,-2.070876699892e+028,-1.8084649863757e+024,1.8084649866514e+024,-1.7205311538964e+029,
0.9,1.,-2.3114675704255e+028,-1.8084649863757e+024,1.8084649866514e+024,-1.7145163821331e+029,
1.,1.,-2.5461182312003e+028,-1.8084649863757e+024,1.8084649866514e+024,-1.7086501156137e+029,
1.1,1.,-2.7749753465174e+028,-1.8084649863757e+024,1.8084649866514e+024,-1.7029286877308e+029,
1.2,1.,-2.9981819595244e+028,-1.8084649863757e+024,1.8084649866514e+024,-1.6973485224056e+029,
1.3,1.,-3.2158775816205e+028,-1.8084649863757e+024,1.8084649866514e+024,-1.6919061318532e+029,
1.4,1.,-3.428198279656e+028,-1.8084649863757e+024,1.8084649866514e+024,-1.6865981144023e+029,
1.5,1.,-3.6352767609787e+028,-1.8084649863757e+024,1.8084649866514e+024,-1.6814211523692e+029,
1.6,1.,-3.8372424563806e+028,-1.8084649863757e+024,1.8084649866514e+024,-1.6763720099842e+029,
1.7,1.,-4.0342216009957e+028,-1.8084649863757e+024,1.8084649866514e+024,-1.6714475313688e+029,
1.8,1.,-4.2263373132018e+028,-1.8084649863757e+024,1.8084649866514e+024,-1.6666446385636e+029,
1.9,1.,-4.4137096715727e+028,-1.8084649863757e+024,1.8084649866514e+024,-1.6619603296044e+029,
2.,1.,-4.596455789932e+028,-1.8084649863757e+024,1.8084649866514e+024,-1.6573916766454e+029,
2.1,1.,-4.7746898905533e+028,-1.8084649863757e+024,1.8084649866514e+024,-1.6529358241299e+029,
2.2,1.,-4.9485233755508e+028,-1.8084649863757e+024,1.8084649866514e+024,-1.6485899870049e+029,
2.3,1.,-5.1180648965112e+028,-1.8084649863757e+024,1.8084649866514e+024,-1.6443514489809e+029,
2.4,1.,-5.2834204224042e+028,-1.8084649863757e+024,1.8084649866514e+024,-1.6402175608336e+029,
2.5,1.,-5.4446933058163e+028,-1.8084649863757e+024,1.8084649866514e+024,-1.6361857387483e+029,
2.6,1.,-5.6019843475496e+028,-1.8084649863757e+024,1.8084649866514e+024,-1.6322534627049e+029,
2.7,1.,-5.7553918596252e+028,-1.8084649863757e+024,1.8084649866514e+024,-1.6284182749031e+029,
2.8,1.,-5.9050117267322e+028,-1.8084649863757e+024,1.8084649866514e+024,-1.6246777782254e+029,
2.9,1.,-6.050937466158e+028,-1.8084649863757e+024,1.8084649866514e+024,-1.6210296347397e+029,
3.,1.,-6.1932602862401e+028,-1.8084649863757e+024,1.8084649866514e+024,-1.6174715642377e+029,
3.1,1.,-6.3320691433739e+028,-1.8084649863757e+024,1.8084649866514e+024,-1.6140013428093e+029,
3.2,1.,-6.4674507976139e+028,-1.8084649863757e+024,1.8084649866514e+024,-1.6106168014533e+029,
3.3,1.,-6.5994898669009e+028,-1.8084649863757e+024,1.8084649866514e+024,-1.6073158247212e+029,
3.4,1.,-6.7282688799515e+028,-1.8084649863757e+024,1.8084649866514e+024,-1.6040963493949e+029,
3.5,1.,-6.8538683278409e+028,-1.8084649863757e+024,1.8084649866514e+024,-1.6009563631977e+029,
3.6,1.,-6.9763667143128e+028,-1.8084649863757e+024,1.8084649866514e+024,-1.5978939035359e+029,
3.7,1.,-7.0958406048463e+028,-1.8084649863757e+024,1.8084649866514e+024,-1.5949070562725e+029,
3.8,1.,-7.2123646745122e+028,-1.8084649863757e+024,1.8084649866514e+024,-1.5919939545309e+029,
3.9,1.,-7.3260117546473e+028,-1.8084649863757e+024,1.8084649866514e+024,-1.5891527775275e+029,
4.,1.,-7.4368528783761e+028,-1.8084649863757e+024,1.8084649866514e+024,-1.5863817494343e+029,
4.1,1.,-7.5449573250091e+028,-1.8084649863757e+024,1.8084649866514e+024,-1.5836791382685e+029,
4.2,1.,-7.6503926633446e+028,-1.8084649863757e+024,1.8084649866514e+024,-1.5810432548101e+029,
4.3,1.,-7.7532247939013e+028,-1.8084649863757e+024,1.8084649866514e+024,-1.5784724515462e+029,
4.4,1.,-7.8535179901082e+028,-1.8084649863757e+024,1.8084649866514e+024,-1.575965121641e+029,
4.5,1.,-7.9513349384778e+028,-1.8084649863757e+024,1.8084649866514e+024,-1.5735196979317e+029,
4.6,1.,-8.046736777787e+028,-1.8084649863757e+024,1.8084649866514e+024,-1.571134651949e+029,
4.7,1.,-8.139783137291e+028,-1.8084649863757e+024,1.8084649866514e+024,-1.5688084929614e+029,
4.8,1.,-8.2305321739934e+028,-1.8084649863757e+024,1.8084649866514e+024,-1.5665397670439e+029,
4.9,1.,-8.3190406089963e+028,-1.8084649863757e+024,1.8084649866514e+024,-1.5643270561688e+029,
5.,1.,-8.4053637629528e+028,-1.8084649863757e+024,1.8084649866514e+024,-1.5621689773199e+029,
5.1,1.,-8.489555590644e+028,-1.8084649863757e+024,1.8084649866514e+024,-1.5600641816276e+029,
5.2,1.,-8.571668714703e+028,-1.8084649863757e+024,1.8084649866514e+024,-1.5580113535261e+029,
5.3,1.,-8.6517544585054e+028,-1.8084649863757e+024,1.8084649866514e+024,-1.5560092099311e+029,
5.4,1.,-8.7298628782481e+028,-1.8084649863757e+024,1.8084649866514e+024,-1.5540564994375e+029,
5.5,1.,-8.8060427942359e+028,-1.8084649863757e+024,1.8084649866514e+024,-1.5521520015378e+029,
5.6,1.,-8.8803418213964e+028,-1.8084649863757e+024,1.8084649866514e+024,-1.5502945258588e+029,
5.7,1.,-8.95280639904e+028,-1.8084649863757e+024,1.8084649866514e+024,-1.5484829114177e+029,
5.8,1.,-9.0234818198868e+028,-1.8084649863757e+024,1.8084649866514e+024,-1.5467160258965e+029,
5.9,1.,-9.0924122583754e+028,-1.8084649863757e+024,1.8084649866514e+024,-1.5449927649343e+029,
6.,1.,-9.1596407982738e+028,-1.8084649863757e+024,1.8084649866514e+024,-1.5433120514368e+029,
6.1,1.,-9.2252094596079e+028,-1.8084649863757e+024,1.8084649866514e+024,-1.5416728349035e+029,
6.2,1.,-9.2891592249255e+028,-1.8084649863757e+024,1.8084649866514e+024,-1.5400740907706e+029,
6.3,1.,-9.3515300649117e+028,-1.8084649863757e+024,1.8084649866514e+024,-1.5385148197709e+029,
6.4,1.,-9.4123609633717e+028,-1.8084649863757e+024,1.8084649866514e+024,-1.5369940473094e+029,
6.5,1.,-9.4716899415973e+028,-1.8084649863757e+024,1.8084649866514e+024,-1.5355108228538e+029,
6.6,1.,-9.5295540821313e+028,-1.8084649863757e+024,1.8084649866514e+024,-1.5340642193404e+029,
6.7,1.,-9.585989551945e+028,-1.8084649863757e+024,1.8084649866514e+024,-1.5326533325951e+029,
6.8,1.,-9.6410316250444e+028,-1.8084649863757e+024,1.8084649866514e+024,-1.5312772807676e+029,
6.9,1.,-9.6947147045168e+028,-1.8084649863757e+024,1.8084649866514e+024,-1.5299352037808e+029,
7.,1.,-9.7470723440343e+028,-1.8084649863757e+024,1.8084649866514e+024,-1.5286262627928e+029,
7.1,1.,-9.7981372688263e+028,-1.8084649863757e+024,1.8084649866514e+024,-1.527349639673e+029,
7.2,1.,-9.8479413961328e+028,-1.8084649863757e+024,1.8084649866514e+024,-1.5261045364904e+029,
7.3,1.,-9.8965158551548e+028,-1.8084649863757e+024,1.8084649866514e+024,-1.5248901750148e+029,
7.4,1.,-9.9438910065103e+028,-1.8084649863757e+024,1.8084649866514e+024,-1.5237057962309e+029,
7.5,1.,-9.9900964612112e+028,-1.8084649863757e+024,1.8084649866514e+024,-1.5225506598634e+029,
7.6,1.,-1.0035161099171e+029,-1.8084649863757e+024,1.8084649866514e+024,-1.5214240439144e+029,
7.7,1.,-1.0079113087255e+029,-1.8084649863757e+024,1.8084649866514e+024,-1.5203252442123e+029,
7.8,1.,-1.0121979896886e+029,-1.8084649863757e+024,1.8084649866514e+024,-1.5192535739715e+029,
7.9,1.,-1.0163788321217e+029,-1.8084649863757e+024,1.8084649866514e+024,-1.5182083633633e+029,
8.,1.,-1.0204564491873e+029,-1.8084649863757e+024,1.8084649866514e+024,-1.5171889590969e+029,
8.1,1.,-1.0244333895289e+029,-1.8084649863757e+024,1.8084649866514e+024,-1.5161947240115e+029,
8.2,1.,-1.0283121388635e+029,-1.8084649863757e+024,1.8084649866514e+024,-1.5152250366778e+029,
8.3,1.,-1.0320951215359e+029,-1.8084649863757e+024,1.8084649866514e+024,-1.5142792910097e+029,
8.4,1.,-1.0357847020332e+029,-1.8084649863757e+024,1.8084649866514e+024,-1.5133568958854e+029,
8.5,1.,-1.0393831864636e+029,-1.8084649863757e+024,1.8084649866514e+024,-1.5124572747778e+029,
8.6,1.,-1.0428928239967e+029,-1.8084649863757e+024,1.8084649866514e+024,-1.5115798653945e+029,
8.7,1.,-1.0463158082705e+029,-1.8084649863757e+024,1.8084649866514e+024,-1.5107241193261e+029,
8.8,1.,-1.0496542787614e+029,-1.8084649863757e+024,1.8084649866514e+024,-1.5098895017034e+029,
8.9,1.,-1.0529103221221e+029,-1.8084649863757e+024,1.8084649866514e+024,-1.5090754908632e+029,
9.,1.,-1.0560859734859e+029,-1.8084649863757e+024,1.8084649866514e+024,-1.5082815780222e+029,
9.1,1.,-1.0591832177381e+029,-1.8084649863757e+024,1.8084649866514e+024,-1.5075072669592e+029,
9.2,1.,-1.0622039907573e+029,-1.8084649863757e+024,1.8084649866514e+024,-1.5067520737044e+029,
9.3,1.,-1.0651501806248e+029,-1.8084649863757e+024,1.8084649866514e+024,-1.5060155262375e+029,
9.4,1.,-1.0680236288054e+029,-1.8084649863757e+024,1.8084649866514e+024,-1.5052971641923e+029,
9.5,1.,-1.0708261312976e+029,-1.8084649863757e+024,1.8084649866514e+024,-1.5045965385693e+029,
9.6,1.,-1.0735594397567e+029,-1.8084649863757e+024,1.8084649866514e+024,-1.5039132114545e+029,
9.7,1.,-1.0762252625896e+029,-1.8084649863757e+024,1.8084649866514e+024,-1.5032467557463e+029,
9.8,1.,-1.0788252660221e+029,-1.8084649863757e+024,1.8084649866514e+024,-1.5025967548882e+029,
9.9,1.,-1.0813610751412e+029,-1.8084649863757e+024,1.8084649866514e+024,-1.5019628026084e+029,
10.,1.,-1.0838342749101e+029,-1.8084649863757e+024,1.8084649866514e+024,-1.5013445026662e+029,
10.1,1.,-1.086246411159e+029,-1.8084649863757e+024,1.8084649866514e+024,-1.5007414686039e+029,
10.2,1.,-1.0885989915518e+029,-1.8084649863757e+024,1.8084649866514e+024,-1.5001533235057e+029,
10.3,1.,-1.0908934865278e+029,-1.8084649863757e+024,1.8084649866514e+024,-1.4995796997617e+029,
10.4,1.,-1.0931313302209e+029,-1.8084649863757e+024,1.8084649866514e+024,-1.4990202388385e+029,
10.5,1.,-1.0953139213564e+029,-1.8084649863757e+024,1.8084649866514e+024,-1.4984745910546e+029,
10.6,1.,-1.0974426241248e+029,-1.8084649863757e+024,1.8084649866514e+024,-1.4979424153625e+029,
10.7,1.,-1.0995187690345e+029,-1.8084649863757e+024,1.8084649866514e+024,-1.4974233791351e+029,
10.8,1.,-1.1015436537438e+029,-1.8084649863757e+024,1.8084649866514e+024,-1.4969171579577e+029,
10.9,1.,-1.1035185438714e+029,-1.8084649863757e+024,1.8084649866514e+024,-1.4964234354258e+029,
11.,1.,-1.1054446737881e+029,-1.8084649863757e+024,1.8084649866514e+024,-1.4959419029467e+029,
11.1,1.,-1.1073232473877e+029,-1.8084649863757e+024,1.8084649866514e+024,-1.4954722595468e+029,
11.2,1.,-1.1091554388398e+029,-1.8084649863757e+024,1.8084649866514e+024,-1.4950142116837e+029,
11.3,1.,-1.1109423933238e+029,-1.8084649863757e+024,1.8084649866514e+024,-1.4945674730627e+029,
11.4,1.,-1.1126852277445e+029,-1.8084649863757e+024,1.8084649866514e+024,-1.4941317644576e+029,
11.5,1.,-1.1143850314299e+029,-1.8084649863757e+024,1.8084649866514e+024,-1.4937068135362e+029,
11.6,1.,-1.1160428668128e+029,-1.8084649863757e+024,1.8084649866514e+024,-1.4932923546905e+029,
11.7,1.,-1.1176597700943e+029,-1.8084649863757e+024,1.8084649866514e+024,-1.4928881288701e+029,
11.8,1.,-1.1192367518915e+029,-1.8084649863757e+024,1.8084649866514e+024,-1.4924938834208e+029,
11.9,1.,-1.1207747978694e+029,-1.8084649863757e+024,1.8084649866514e+024,-1.4921093719263e+029,
12.,1.,-1.1222748693568e+029,-1.8084649863757e+024,1.8084649866514e+024,-1.4917343540545e+029,
12.1,1.,-1.1237379039472e+029,-1.8084649863757e+024,1.8084649866514e+024,-1.4913685954069e+029,
12.2,1.,-1.1251648160849e+029,-1.8084649863757e+024,1.8084649866514e+024,-1.4910118673725e+029,
12.3,1.,-1.1265564976363e+029,-1.8084649863757e+024,1.8084649866514e+024,-1.4906639469846e+029,
12.4,1.,-1.1279138184479e+029,-1.8084649863757e+024,1.8084649866514e+024,-1.4903246167817e+029,
12.5,1.,-1.1292376268892e+029,-1.8084649863757e+024,1.8084649866514e+024,-1.4899936646714e+029,
12.6,1.,-1.1305287503836e+029,-1.8084649863757e+024,1.8084649866514e+024,-1.4896708837978e+029,
12.7,1.,-1.1317879959253e+029,-1.8084649863757e+024,1.8084649866514e+024,-1.4893560724124e+029,
12.8,1.,-1.1330161505839e+029,-1.8084649863757e+024,1.8084649866514e+024,-1.4890490337477e+029,
12.9,1.,-1.1342139819959e+029,-1.8084649863757e+024,1.8084649866514e+024,-1.4887495758947e+029,
13.,1.,-1.1353822388449e+029,-1.8084649863757e+024,1.8084649866514e+024,-1.4884575116825e+029,
13.1,1.,-1.1365216513296e+029,-1.8084649863757e+024,1.8084649866514e+024,-1.4881726585613e+029,
13.2,1.,-1.1376329316198e+029,-1.8084649863757e+024,1.8084649866514e+024,-1.4878948384887e+029,
13.3,1.,-1.1387167743018e+029,-1.8084649863757e+024,1.8084649866514e+024,-1.4876238778182e+029,
13.4,1.,-1.1397738568127e+029,-1.8084649863757e+024,1.8084649866514e+024,-1.4873596071905e+029,
13.5,1.,-1.1408048398635e+029,-1.8084649863757e+024,1.8084649866514e+024,-1.4871018614278e+029,
13.6,1.,-1.141810367852e+029,-1.8084649863757e+024,1.8084649866514e+024,-1.4868504794307e+029,
13.7,1.,-1.1427910692659e+029,-1.8084649863757e+024,1.8084649866514e+024,-1.4866053040772e+029,
13.8,1.,-1.1437475570758e+029,-1.8084649863757e+024,1.8084649866514e+024,-1.4863661821247e+029,
13.9,1.,-1.1446804291174e+029,-1.8084649863757e+024,1.8084649866514e+024,-1.4861329641143e+029,
14.,1.,-1.1455902684663e+029,-1.8084649863757e+024,1.8084649866514e+024,-1.4859055042771e+029,
14.1,1.,-1.1464776438016e+029,-1.8084649863757e+024,1.8084649866514e+024,-1.4856836604433e+029,
14.2,1.,-1.1473431097618e+029,-1.8084649863757e+024,1.8084649866514e+024,-1.4854672939532e+029,
14.3,1.,-1.1481872072913e+029,-1.8084649863757e+024,1.8084649866514e+024,-1.4852562695709e+029,
14.4,1.,-1.1490104639786e+029,-1.8084649863757e+024,1.8084649866514e+024,-1.485050455399e+029,
14.5,1.,-1.1498133943858e+029,-1.8084649863757e+024,1.8084649866514e+024,-1.4848497227972e+029,
14.6,1.,-1.1505965003706e+029,-1.8084649863757e+024,1.8084649866514e+024,-1.484653946301e+029,
14.7,1.,-1.1513602713998e+029,-1.8084649863757e+024,1.8084649866514e+024,-1.4844630035437e+029,
14.8,1.,-1.1521051848551e+029,-1.8084649863757e+024,1.8084649866514e+024,-1.4842767751799e+029,
14.9,1.,-1.1528317063316e+029,-1.8084649863757e+024,1.8084649866514e+024,-1.4840951448108e+029,
15.,1.,-1.153540289929e+029,-1.8084649863757e+024,1.8084649866514e+024,-1.4839179989114e+029,
15.1,1.,-1.154231378535e+029,-1.8084649863757e+024,1.8084649866514e+024,-1.4837452267599e+029,
15.2,1.,-1.1549054041025e+029,-1.8084649863757e+024,1.8084649866514e+024,-1.4835767203681e+029,
15.3,1.,-1.1555627879195e+029,-1.8084649863757e+024,1.8084649866514e+024,-1.4834123744138e+029,
15.4,1.,-1.1562039408722e+029,-1.8084649863757e+024,1.8084649866514e+024,-1.4832520861756e+029,
15.5,1.,-1.1568292637021e+029,-1.8084649863757e+024,1.8084649866514e+024,-1.4830957554682e+029,
15.6,1.,-1.1574391472563e+029,-1.8084649863757e+024,1.8084649866514e+024,-1.4829432845796e+029,
15.7,1.,-1.158033972732e+029,-1.8084649863757e+024,1.8084649866514e+024,-1.4827945782107e+029,
15.8,1.,-1.1586141119143e+029,-1.8084649863757e+024,1.8084649866514e+024,-1.4826495434151e+029,
15.9,1.,-1.1591799274091e+029,-1.8084649863757e+024,1.8084649866514e+024,-1.4825080895414e+029,
16.,1.,-1.1597317728696e+029,-1.8084649863757e+024,1.8084649866514e+024,-1.4823701281763e+029,
16.1,1.,-1.1602699932171e+029,-1.8084649863757e+024,1.8084649866514e+024,-1.4822355730894e+029,
16.2,1.,-1.1607949248569e+029,-1.8084649863757e+024,1.8084649866514e+024,-1.4821043401795e+029,
16.3,1.,-1.1613068958883e+029,-1.8084649863757e+024,1.8084649866514e+024,-1.4819763474216e+029,
16.4,1.,-1.1618062263099e+029,-1.8084649863757e+024,1.8084649866514e+024,-1.4818515148162e+029,
16.5,1.,-1.1622932282195e+029,-1.8084649863757e+024,1.8084649866514e+024,-1.4817297643388e+029,
16.6,1.,-1.1627682060091e+029,-1.8084649863757e+024,1.8084649866514e+024,-1.4816110198914e+029,
16.7,1.,-1.1632314565553e+029,-1.8084649863757e+024,1.8084649866514e+024,-1.4814952072549e+029,
16.8,1.,-1.1636832694047e+029,-1.8084649863757e+024,1.8084649866514e+024,-1.4813822540425e+029,
16.9,1.,-1.1641239269552e+029,-1.8084649863757e+024,1.8084649866514e+024,-1.4812720896549e+029,
17.,1.,-1.164553704632e+029,-1.8084649863757e+024,1.8084649866514e+024,-1.4811646452357e+029,
17.1,1.,-1.1649728710601e+029,-1.8084649863757e+024,1.8084649866514e+024,-1.4810598536287e+029,
17.2,1.,-1.1653816882322e+029,-1.8084649863757e+024,1.8084649866514e+024,-1.4809576493356e+029,
17.3,1.,-1.1657804116724e+029,-1.8084649863757e+024,1.8084649866514e+024,-1.4808579684756e+029,
17.4,1.,-1.1661692905958e+029,-1.8084649863757e+024,1.8084649866514e+024,-1.4807607487448e+029,
17.5,1.,-1.1665485680643e+029,-1.8084649863757e+024,1.8084649866514e+024,-1.4806659293776e+029,
17.6,1.,-1.1669184811388e+029,-1.8084649863757e+024,1.8084649866514e+024,-1.480573451109e+029,
17.7,1.,-1.1672792610269e+029,-1.8084649863757e+024,1.8084649866514e+024,-1.480483256137e+029,
17.8,1.,-1.1676311332279e+029,-1.8084649863757e+024,1.8084649866514e+024,-1.4803952880867e+029,
17.9,1.,-1.1679743176732e+029,-1.8084649863757e+024,1.8084649866514e+024,-1.4803094919754e+029,
18.,1.,-1.1683090288644e+029,-1.8084649863757e+024,1.8084649866514e+024,-1.4802258141776e+029,
18.1,1.,-1.1686354760069e+029,-1.8084649863757e+024,1.8084649866514e+024,-1.480144202392e+029,
18.2,1.,-1.1689538631407e+029,-1.8084649863757e+024,1.8084649866514e+024,-1.4800646056085e+029,
18.3,1.,-1.1692643892681e+029,-1.8084649863757e+024,1.8084649866514e+024,-1.4799869740767e+029,
18.4,1.,-1.1695672484782e+029,-1.8084649863757e+024,1.8084649866514e+024,-1.4799112592741e+029,
18.5,1.,-1.1698626300677e+029,-1.8084649863757e+024,1.8084649866514e+024,-1.4798374138768e+029,
18.6,1.,-1.1701507186597e+029,-1.8084649863757e+024,1.8084649866514e+024,-1.4797653917288e+029,
18.7,1.,-1.1704316943191e+029,-1.8084649863757e+024,1.8084649866514e+024,-1.4796951478139e+029,
18.8,1.,-1.1707057326648e+029,-1.8084649863757e+024,1.8084649866514e+024,-1.4796266382275e+029,
18.9,1.,-1.1709730049796e+029,-1.8084649863757e+024,1.8084649866514e+024,-1.4795598201488e+029,
19.,1.,-1.1712336783174e+029,-1.8084649863757e+024,1.8084649866514e+024,-1.4794946518143e+029,
19.1,1.,-1.1714879156076e+029,-1.8084649863757e+024,1.8084649866514e+024,-1.4794310924918e+029,
19.2,1.,-1.1717358757567e+029,-1.8084649863757e+024,1.8084649866514e+024,-1.4793691024545e+029,
19.3,1.,-1.1719777137479e+029,-1.8084649863757e+024,1.8084649866514e+024,-1.4793086429567e+029,
19.4,1.,-1.1722135807379e+029,-1.8084649863757e+024,1.8084649866514e+024,-1.4792496762092e+029,
19.5,1.,-1.1724436241511e+029,-1.8084649863757e+024,1.8084649866514e+024,-1.4791921653559e+029,
19.6,1.,-1.1726679877722e+029,-1.8084649863757e+024,1.8084649866514e+024,-1.4791360744506e+029,
19.7,1.,-1.1728868118357e+029,-1.8084649863757e+024,1.8084649866514e+024,-1.4790813684348e+029,
19.8,1.,-1.1731002331139e+029,-1.8084649863757e+024,1.8084649866514e+024,-1.4790280131152e+029,
19.9,1.,-1.173308385002e+029,-1.8084649863757e+024,1.8084649866514e+024,-1.4789759751432e+029,
20.,1.,-1.1735113976016e+029,-1.8084649863757e+024,1.8084649866514e+024,-1.4789252219933e+029,
20.1,1.,-1.1737093978023e+029,-1.8084649863757e+024,1.8084649866514e+024,-1.4788757219431e+029,
20.2,1.,-1.1739025093606e+029,-1.8084649863757e+024,1.8084649866514e+024,-1.4788274440535e+029,
20.3,1.,-1.1740908529775e+029,-1.8084649863757e+024,1.8084649866514e+024,-1.4787803581493e+029,
20.4,1.,-1.174274546374e+029,-1.8084649863757e+024,1.8084649866514e+024,-1.4787344348002e+029,
20.5,1.,-1.1744537043643e+029,-1.8084649863757e+024,1.8084649866514e+024,-1.4786896453026e+029,
20.6,1.,-1.1746284389281e+029,-1.8084649863757e+024,1.8084649866514e+024,-1.4786459616617e+029,
20.7,1.,-1.1747988592802e+029,-1.8084649863757e+024,1.8084649866514e+024,-1.4786033565736e+029,
20.8,1.,-1.1749650719388e+029,-1.8084649863757e+024,1.8084649866514e+024,-1.478561803409e+029,
20.9,1.,-1.1751271807922e+029,-1.8084649863757e+024,1.8084649866514e+024,-1.4785212761956e+029,
21.,1.,-1.1752852871637e+029,-1.8084649863757e+024,1.8084649866514e+024,-1.4784817496028e+029,
21.1,1.,-1.1754394898751e+029,-1.8084649863757e+024,1.8084649866514e+024,-1.4784431989249e+029,
21.2,1.,-1.1755898853079e+029,-1.8084649863757e+024,1.8084649866514e+024,-1.4784056000667e+029,
21.3,1.,-1.1757365674643e+029,-1.8084649863757e+024,1.8084649866514e+024,-1.4783689295276e+029,
21.4,1.,-1.1758796280253e+029,-1.8084649863757e+024,1.8084649866514e+024,-1.4783331643874e+029,
21.5,1.,-1.1760191564085e+029,-1.8084649863757e+024,1.8084649866514e+024,-1.4782982822916e+029,
21.6,1.,-1.1761552398236e+029,-1.8084649863757e+024,1.8084649866514e+024,-1.4782642614378e+029,
21.7,1.,-1.1762879633272e+029,-1.8084649863757e+024,1.8084649866514e+024,-1.4782310805619e+029,
21.8,1.,-1.1764174098759e+029,-1.8084649863757e+024,1.8084649866514e+024,-1.4781987189247e+029,
21.9,1.,-1.1765436603779e+029,-1.8084649863757e+024,1.8084649866514e+024,-1.4781671562992e+029,
22.,1.,-1.1766667937439e+029,-1.8084649863757e+024,1.8084649866514e+024,-1.4781363729577e+029,
22.1,1.,-1.1767868869362e+029,-1.8084649863757e+024,1.8084649866514e+024,-1.4781063496596e+029,
22.2,1.,-1.1769040150171e+029,-1.8084649863757e+024,1.8084649866514e+024,-1.4780770676394e+029,
22.3,1.,-1.1770182511953e+029,-1.8084649863757e+024,1.8084649866514e+024,-1.4780485085949e+029,
22.4,1.,-1.1771296668722e+029,-1.8084649863757e+024,1.8084649866514e+024,-1.4780206546756e+029,
22.5,1.,-1.1772383316863e+029,-1.8084649863757e+024,1.8084649866514e+024,-1.4779934884721e+029,
22.6,1.,-1.1773443135566e+029,-1.8084649863757e+024,1.8084649866514e+024,-1.4779669930045e+029,
22.7,1.,-1.1774476787252e+029,-1.8084649863757e+024,1.8084649866514e+024,-1.4779411517124e+029,
22.8,1.,-1.1775484917986e+029,-1.8084649863757e+024,1.8084649866514e+024,-1.477915948444e+029,
22.9,1.,-1.1776468157884e+029,-1.8084649863757e+024,1.8084649866514e+024,-1.4778913674466e+029,
23.,1.,-1.1777427121503e+029,-1.8084649863757e+024,1.8084649866514e+024,-1.4778673933561e+029,
23.1,1.,-1.1778362408225e+029,-1.8084649863757e+024,1.8084649866514e+024,-1.4778440111881e+029,
23.2,1.,-1.1779274602636e+029,-1.8084649863757e+024,1.8084649866514e+024,-1.4778212063278e+029,
23.3,1.,-1.1780164274887e+029,-1.8084649863757e+024,1.8084649866514e+024,-1.4777989645215e+029,
23.4,1.,-1.1781031981051e+029,-1.8084649863757e+024,1.8084649866514e+024,-1.4777772718674e+029,
23.5,1.,-1.1781878263474e+029,-1.8084649863757e+024,1.8084649866514e+024,-1.4777561148068e+029,
23.6,1.,-1.178270365111e+029,-1.8084649863757e+024,1.8084649866514e+024,-1.4777354801159e+029,
23.7,1.,-1.1783508659852e+029,-1.8084649863757e+024,1.8084649866514e+024,-1.4777153548974e+029,
23.8,1.,-1.1784293792858e+029,-1.8084649863757e+024,1.8084649866514e+024,-1.4776957265722e+029,
23.9,1.,-1.178505954086e+029,-1.8084649863757e+024,1.8084649866514e+024,-1.4776765828722e+029,
24.,1.,-1.1785806382477e+029,-1.8084649863757e+024,1.8084649866514e+024,-1.4776579118318e+029,
24.1,1.,-1.1786534784509e+029,-1.8084649863757e+024,1.8084649866514e+024,-1.477639701781e+029,
24.2,1.,-1.1787245202231e+029,-1.8084649863757e+024,1.8084649866514e+024,-1.4776219413379e+029,
24.3,1.,-1.1787938079676e+029,-1.8084649863757e+024,1.8084649866514e+024,-1.4776046194018e+029,
24.4,1.,-1.1788613849917e+029,-1.8084649863757e+024,1.8084649866514e+024,-1.4775877251458e+029,
24.5,1.,-1.178927293533e+029,-1.8084649863757e+024,1.8084649866514e+024,-1.4775712480104e+029,
24.6,1.,-1.1789915747867e+029,-1.8084649863757e+024,1.8084649866514e+024,-1.477555177697e+029,
24.7,1.,-1.1790542689306e+029,-1.8084649863757e+024,1.8084649866514e+024,-1.477539504161e+029,
24.8,1.,-1.1791154151506e+029,-1.8084649863757e+024,1.8084649866514e+024,-1.477524217606e+029,
24.9,1.,-1.179175051665e+029,-1.8084649863757e+024,1.8084649866514e+024,-1.4775093084774e+029,
25.,1.,-1.1792332157486e+029,-1.8084649863757e+024,1.8084649866514e+024,-1.4774947674565e+029,
25.1,1.,-1.1792899437559e+029,-1.8084649863757e+024,1.8084649866514e+024,-1.4774805854547e+029,
25.2,1.,-1.1793452711436e+029,-1.8084649863757e+024,1.8084649866514e+024,-1.4774667536078e+029,
25.3,1.,-1.1793992324934e+029,-1.8084649863757e+024,1.8084649866514e+024,-1.4774532632704e+029,
25.4,1.,-1.1794518615326e+029,-1.8084649863757e+024,1.8084649866514e+024,-1.4774401060105e+029,
25.5,1.,-1.1795031911562e+029,-1.8084649863757e+024,1.8084649866514e+024,-1.4774272736046e+029,
25.6,1.,-1.1795532534469e+029,-1.8084649863757e+024,1.8084649866514e+024,-1.477414758032e+029,
25.7,1.,-1.1796020796953e+029,-1.8084649863757e+024,1.8084649866514e+024,-1.4774025514699e+029,
25.8,1.,-1.1796497004193e+029,-1.8084649863757e+024,1.8084649866514e+024,-1.4773906462889e+029,
25.9,1.,-1.1796961453834e+029,-1.8084649863757e+024,1.8084649866514e+024,-1.4773790350478e+029,
26.,1.,-1.1797414436173e+029,-1.8084649863757e+024,1.8084649866514e+024,-1.4773677104894e+029,
26.1,1.,-1.1797856234337e+029,-1.8084649863757e+024,1.8084649866514e+024,-1.4773566655353e+029,
26.2,1.,-1.1798287124467e+029,-1.8084649863757e+024,1.8084649866514e+024,-1.477345893282e+029,
26.3,1.,-1.1798707375881e+029,-1.8084649863757e+024,1.8084649866514e+024,-1.4773353869967e+029,
26.4,1.,-1.1799117251251e+029,-1.8084649863757e+024,1.8084649866514e+024,-1.4773251401124e+029,
26.5,1.,-1.1799517006762e+029,-1.8084649863757e+024,1.8084649866514e+024,-1.4773151462246e+029,
26.6,1.,-1.1799906892274e+029,-1.8084649863757e+024,1.8084649866514e+024,-1.4773053990868e+029,
26.7,1.,-1.1800287151478e+029,-1.8084649863757e+024,1.8084649866514e+024,-1.4772958926067e+029,
26.8,1.,-1.1800658022049e+029,-1.8084649863757e+024,1.8084649866514e+024,-1.4772866208425e+029,
26.9,1.,-1.1801019735794e+029,-1.8084649863757e+024,1.8084649866514e+024,-1.4772775779988e+029,
27.,1.,-1.1801372518794e+029,-1.8084649863757e+024,1.8084649866514e+024,-1.4772687584238e+029,
27.1,1.,-1.180171659155e+029,-1.8084649863757e+024,1.8084649866514e+024,-1.4772601566049e+029,
27.2,1.,-1.1802052169121e+029,-1.8084649863757e+024,1.8084649866514e+024,-1.4772517671657e+029,
27.3,1.,-1.1802379461251e+029,-1.8084649863757e+024,1.8084649866514e+024,-1.4772435848624e+029,
27.4,1.,-1.180269867251e+029,-1.8084649863757e+024,1.8084649866514e+024,-1.4772356045809e+029,
27.5,1.,-1.1803010002415e+029,-1.8084649863757e+024,1.8084649866514e+024,-1.4772278213333e+029,
27.6,1.,-1.1803313645557e+029,-1.8084649863757e+024,1.8084649866514e+024,-1.4772202302548e+029,
27.7,1.,-1.1803609791723e+029,-1.8084649863757e+024,1.8084649866514e+024,-1.4772128266006e+029,
27.8,1.,-1.1803898626014e+029,-1.8084649863757e+024,1.8084649866514e+024,-1.4772056057433e+029,
27.9,1.,-1.1804180328962e+029,-1.8084649863757e+024,1.8084649866514e+024,-1.4771985631696e+029,
28.,1.,-1.1804455076638e+029,-1.8084649863757e+024,1.8084649866514e+024,-1.4771916944777e+029,
28.1,1.,-1.1804723040771e+029,-1.8084649863757e+024,1.8084649866514e+024,-1.4771849953744e+029,
28.2,1.,-1.1804984388845e+029,-1.8084649863757e+024,1.8084649866514e+024,-1.4771784616726e+029,
28.3,1.,-1.1805239284213e+029,-1.8084649863757e+024,1.8084649866514e+024,-1.4771720892884e+029,
28.4,1.,-1.1805487886191e+029,-1.8084649863757e+024,1.8084649866514e+024,-1.4771658742389e+029,
28.5,1.,-1.1805730350165e+029,-1.8084649863757e+024,1.8084649866514e+024,-1.4771598126396e+029,
28.6,1.,-1.1805966827682e+029,-1.8084649863757e+024,1.8084649866514e+024,-1.4771539007016e+029,
28.7,1.,-1.1806197466548e+029,-1.8084649863757e+024,1.8084649866514e+024,-1.47714813473e+029,
28.8,1.,-1.180642241092e+029,-1.8084649863757e+024,1.8084649866514e+024,-1.4771425111207e+029,
28.9,1.,-1.1806641801396e+029,-1.8084649863757e+024,1.8084649866514e+024,-1.4771370263588e+029,
29.,1.,-1.1806855775102e+029,-1.8084649863757e+024,1.8084649866514e+024,-1.4771316770161e+029,
29.1,1.,-1.1807064465778e+029,-1.8084649863757e+024,1.8084649866514e+024,-1.4771264597492e+029,
29.2,1.,-1.1807268003863e+029,-1.8084649863757e+024,1.8084649866514e+024,-1.4771213712971e+029,
29.3,1.,-1.1807466516575e+029,-1.8084649863757e+024,1.8084649866514e+024,-1.4771164084793e+029,
29.4,1.,-1.180766012799e+029,-1.8084649863757e+024,1.8084649866514e+024,-1.4771115681939e+029,
29.5,1.,-1.1807848959123e+029,-1.8084649863757e+024,1.8084649866514e+024,-1.4771068474156e+029,
29.6,1.,-1.1808033127998e+029,-1.8084649863757e+024,1.8084649866514e+024,-1.4771022431937e+029,
29.7,1.,-1.1808212749728e+029,-1.8084649863757e+024,1.8084649866514e+024,-1.4770977526505e+029,
29.8,1.,-1.1808387936581e+029,-1.8084649863757e+024,1.8084649866514e+024,-1.4770933729792e+029,
29.9,1.,-1.1808558798055e+029,-1.8084649863757e+024,1.8084649866514e+024,-1.4770891014423e+029,
30.,1.,-1.1808725440945e+029,-1.8084649863757e+024,1.8084649866514e+024,-1.4770849353701e+029,
30.1,1.,-1.1808887969407e+029,-1.8084649863757e+024,1.8084649866514e+024,-1.4770808721585e+029,
30.2,1.,-1.1809046485027e+029,-1.8084649863757e+024,1.8084649866514e+024,-1.477076909268e+029,
30.3,1.,-1.1809201086883e+029,-1.8084649863757e+024,1.8084649866514e+024,-1.4770730442216e+029,
30.4,1.,-1.1809351871604e+029,-1.8084649863757e+024,1.8084649866514e+024,-1.4770692746036e+029,
30.5,1.,-1.1809498933438e+029,-1.8084649863757e+024,1.8084649866514e+024,-1.4770655980577e+029,
30.6,1.,-1.1809642364303e+029,-1.8084649863757e+024,1.8084649866514e+024,-1.4770620122861e+029,
30.7,1.,-1.1809782253846e+029,-1.8084649863757e+024,1.8084649866514e+024,-1.4770585150475e+029,
30.8,1.,-1.1809918689505e+029,-1.8084649863757e+024,1.8084649866514e+024,-1.4770551041561e+029,
30.9,1.,-1.1810051756555e+029,-1.8084649863757e+024,1.8084649866514e+024,-1.4770517774798e+029,
31.,1.,-1.1810181538168e+029,-1.8084649863757e+024,1.8084649866514e+024,-1.4770485329395e+029,
31.1,1.,-1.1810308115461e+029,-1.8084649863757e+024,1.8084649866514e+024,-1.4770453685072e+029,
31.2,1.,-1.181043156755e+029,-1.8084649863757e+024,1.8084649866514e+024,-1.4770422822049e+029,
31.3,1.,-1.1810551971596e+029,-1.8084649863757e+024,1.8084649866514e+024,-1.4770392721038e+029,
31.4,1.,-1.1810669402856e+029,-1.8084649863757e+024,1.8084649866514e+024,-1.4770363363223e+029,
31.5,1.,-1.1810783934727e+029,-1.8084649863757e+024,1.8084649866514e+024,-1.4770334730255e+029,
31.6,1.,-1.1810895638797e+029,-1.8084649863757e+024,1.8084649866514e+024,-1.4770306804238e+029,
31.7,1.,-1.1811004584883e+029,-1.8084649863757e+024,1.8084649866514e+024,-1.4770279567716e+029,
31.8,1.,-1.1811110841081e+029,-1.8084649863757e+024,1.8084649866514e+024,-1.4770253003667e+029,
31.9,1.,-1.1811214473804e+029,-1.8084649863757e+024,1.8084649866514e+024,-1.4770227095486e+029,
32.,1.,-1.1811315547825e+029,-1.8084649863757e+024,1.8084649866514e+024,-1.4770201826981e+029,
32.1,1.,-1.1811414126321e+029,-1.8084649863757e+024,1.8084649866514e+024,-1.4770177182357e+029,
32.2,1.,-1.1811510270904e+029,-1.8084649863757e+024,1.8084649866514e+024,-1.4770153146211e+029,
32.3,1.,-1.181160404167e+029,-1.8084649863757e+024,1.8084649866514e+024,-1.477012970352e+029,
32.4,1.,-1.1811695497226e+029,-1.8084649863757e+024,1.8084649866514e+024,-1.477010683963e+029,
32.5,1.,-1.1811784694738e+029,-1.8084649863757e+024,1.8084649866514e+024,-1.4770084540252e+029,
32.6,1.,-1.1811871689954e+029,-1.8084649863757e+024,1.8084649866514e+024,-1.4770062791448e+029,
32.7,1.,-1.1811956537252e+029,-1.8084649863757e+024,1.8084649866514e+024,-1.4770041579624e+029,
32.8,1.,-1.1812039289661e+029,-1.8084649863757e+024,1.8084649866514e+024,-1.4770020891522e+029,
32.9,1.,-1.1812119998907e+029,-1.8084649863757e+024,1.8084649866514e+024,-1.477000071421e+029,
33.,1.,-1.1812198715434e+029,-1.8084649863757e+024,1.8084649866514e+024,-1.4769981035078e+029,
33.1,1.,-1.1812275488444e+029,-1.8084649863757e+024,1.8084649866514e+024,-1.4769961841826e+029,
33.2,1.,-1.1812350365921e+029,-1.8084649863757e+024,1.8084649866514e+024,-1.4769943122457e+029,
33.3,1.,-1.1812423394666e+029,-1.8084649863757e+024,1.8084649866514e+024,-1.476992486527e+029,
33.4,1.,-1.1812494620326e+029,-1.8084649863757e+024,1.8084649866514e+024,-1.4769907058856e+029,
33.5,1.,-1.1812564087417e+029,-1.8084649863757e+024,1.8084649866514e+024,-1.4769889692083e+029,
33.6,1.,-1.181263183936e+029,-1.8084649863757e+024,1.8084649866514e+024,-1.4769872754097e+029,
33.7,1.,-1.1812697918501e+029,-1.8084649863757e+024,1.8084649866514e+024,-1.4769856234312e+029,
33.8,1.,-1.1812762366143e+029,-1.8084649863757e+024,1.8084649866514e+024,-1.4769840122401e+029,
33.9,1.,-1.1812825222567e+029,-1.8084649863757e+024,1.8084649866514e+024,-1.4769824408295e+029,
34.,1.,-1.181288652706e+029,-1.8084649863757e+024,1.8084649866514e+024,-1.4769809082172e+029,
34.1,1.,-1.181294631794e+029,-1.8084649863757e+024,1.8084649866514e+024,-1.4769794134452e+029,
34.2,1.,-1.1813004632577e+029,-1.8084649863757e+024,1.8084649866514e+024,-1.4769779555793e+029,
34.3,1.,-1.1813061507422e+029,-1.8084649863757e+024,1.8084649866514e+024,-1.4769765337081e+029,
34.4,1.,-1.1813116978021e+029,-1.8084649863757e+024,1.8084649866514e+024,-1.4769751469432e+029,
34.5,1.,-1.1813171079046e+029,-1.8084649863757e+024,1.8084649866514e+024,-1.4769737944175e+029,
34.6,1.,-1.1813223844312e+029,-1.8084649863757e+024,1.8084649866514e+024,-1.4769724752859e+029,
34.7,1.,-1.18132753068e+029,-1.8084649863757e+024,1.8084649866514e+024,-1.4769711887237e+029,
34.8,1.,-1.1813325498673e+029,-1.8084649863757e+024,1.8084649866514e+024,-1.4769699339269e+029,
34.9,1.,-1.1813374451305e+029,-1.8084649863757e+024,1.8084649866514e+024,-1.4769687101111e+029,
35.,1.,-1.1813422195293e+029,-1.8084649863757e+024,1.8084649866514e+024,-1.4769675165114e+029,
35.1,1.,-1.1813468760477e+029,-1.8084649863757e+024,1.8084649866514e+024,-1.4769663523818e+029,
35.2,1.,-1.1813514175962e+029,-1.8084649863757e+024,1.8084649866514e+024,-1.4769652169946e+029,
35.3,1.,-1.1813558470135e+029,-1.8084649863757e+024,1.8084649866514e+024,-1.4769641096403e+029,
35.4,1.,-1.1813601670681e+029,-1.8084649863757e+024,1.8084649866514e+024,-1.4769630296267e+029,
35.5,1.,-1.1813643804602e+029,-1.8084649863757e+024,1.8084649866514e+024,-1.4769619762786e+029,
35.6,1.,-1.1813684898233e+029,-1.8084649863757e+024,1.8084649866514e+024,-1.4769609489379e+029,
35.7,1.,-1.1813724977258e+029,-1.8084649863757e+024,1.8084649866514e+024,-1.4769599469622e+029,
35.8,1.,-1.1813764066729e+029,-1.8084649863757e+024,1.8084649866514e+024,-1.4769589697255e+029,
35.9,1.,-1.1813802191077e+029,-1.8084649863757e+024,1.8084649866514e+024,-1.4769580166168e+029,
36.,1.,-1.1813839374132e+029,-1.8084649863757e+024,1.8084649866514e+024,-1.4769570870404e+029,
36.1,1.,-1.1813875639133e+029,-1.8084649863757e+024,1.8084649866514e+024,-1.4769561804154e+029,
36.2,1.,-1.1813911008749e+029,-1.8084649863757e+024,1.8084649866514e+024,-1.476955296175e+029,
36.3,1.,-1.1813945505086e+029,-1.8084649863757e+024,1.8084649866514e+024,-1.4769544337665e+029,
36.4,1.,-1.1813979149705e+029,-1.8084649863757e+024,1.8084649866514e+024,-1.4769535926511e+029,
36.5,1.,-1.1814011963636e+029,-1.8084649863757e+024,1.8084649866514e+024,-1.4769527723028e+029,
36.6,1.,-1.1814043967387e+029,-1.8084649863757e+024,1.8084649866514e+024,-1.476951972209e+029,
36.7,1.,-1.1814075180964e+029,-1.8084649863757e+024,1.8084649866514e+024,-1.4769511918696e+029,
36.8,1.,-1.1814105623874e+029,-1.8084649863757e+024,1.8084649866514e+024,-1.4769504307968e+029,
36.9,1.,-1.1814135315146e+029,-1.8084649863757e+024,1.8084649866514e+024,-1.476949688515e+029,
37.,1.,-1.1814164273338e+029,-1.8084649863757e+024,1.8084649866514e+024,-1.4769489645602e+029,
37.1,1.,-1.181419251655e+029,-1.8084649863757e+024,1.8084649866514e+024,-1.4769482584799e+029,
37.2,1.,-1.1814220062434e+029,-1.8084649863757e+024,1.8084649866514e+024,-1.4769475698328e+029,
37.3,1.,-1.1814246928208e+029,-1.8084649863757e+024,1.8084649866514e+024,-1.4769468981885e+029,
37.4,1.,-1.1814273130664e+029,-1.8084649863757e+024,1.8084649866514e+024,-1.4769462431271e+029,
37.5,1.,-1.1814298686179e+029,-1.8084649863757e+024,1.8084649866514e+024,-1.4769456042392e+029,
37.6,1.,-1.1814323610726e+029,-1.8084649863757e+024,1.8084649866514e+024,-1.4769449811255e+029,
37.7,1.,-1.1814347919884e+029,-1.8084649863757e+024,1.8084649866514e+024,-1.4769443733966e+029,
37.8,1.,-1.1814371628846e+029,-1.8084649863757e+024,1.8084649866514e+024,-1.4769437806725e+029,
37.9,1.,-1.1814394752432e+029,-1.8084649863757e+024,1.8084649866514e+024,-1.4769432025829e+029,
38.,1.,-1.1814417305095e+029,-1.8084649863757e+024,1.8084649866514e+024,-1.4769426387663e+029,
38.1,1.,-1.181443930093e+029,-1.8084649863757e+024,1.8084649866514e+024,-1.4769420888704e+029,
38.2,1.,-1.1814460753687e+029,-1.8084649863757e+024,1.8084649866514e+024,-1.4769415525515e+029,
38.3,1.,-1.1814481676772e+029,-1.8084649863757e+024,1.8084649866514e+024,-1.4769410294744e+029,
38.4,1.,-1.1814502083265e+029,-1.8084649863757e+024,1.8084649866514e+024,-1.4769405193121e+029,
38.5,1.,-1.181452198592e+029,-1.8084649863757e+024,1.8084649866514e+024,-1.4769400217457e+029,
38.6,1.,-1.1814541397177e+029,-1.8084649863757e+024,1.8084649866514e+024,-1.4769395364643e+029,
38.7,1.,-1.1814560329168e+029,-1.8084649863757e+024,1.8084649866514e+024,-1.4769390631645e+029,
38.8,1.,-1.1814578793727e+029,-1.8084649863757e+024,1.8084649866514e+024,-1.4769386015505e+029,
38.9,1.,-1.1814596802393e+029,-1.8084649863757e+024,1.8084649866514e+024,-1.4769381513339e+029,
39.,1.,-1.1814614366425e+029,-1.8084649863757e+024,1.8084649866514e+024,-1.4769377122331e+029,
39.1,1.,-1.1814631496799e+029,-1.8084649863757e+024,1.8084649866514e+024,-1.4769372839737e+029,
39.2,1.,-1.1814648204222e+029,-1.8084649863757e+024,1.8084649866514e+024,-1.4769368662881e+029,
39.3,1.,-1.1814664499138e+029,-1.8084649863757e+024,1.8084649866514e+024,-1.4769364589152e+029,
39.4,1.,-1.1814680391731e+029,-1.8084649863757e+024,1.8084649866514e+024,-1.4769360616004e+029,
39.5,1.,-1.1814695891934e+029,-1.8084649863757e+024,1.8084649866514e+024,-1.4769356740953e+029,
39.6,1.,-1.1814711009436e+029,-1.8084649863757e+024,1.8084649866514e+024,-1.4769352961578e+029,
39.7,1.,-1.1814725753685e+029,-1.8084649863757e+024,1.8084649866514e+024,-1.4769349275516e+029,
39.8,1.,-1.1814740133898e+029,-1.8084649863757e+024,1.8084649866514e+024,-1.4769345680462e+029,
39.9,1.,-1.1814754159062e+029,-1.8084649863757e+024,1.8084649866514e+024,-1.4769342174171e+029,
40.,1.,-1.1814767837943e+029,-1.8084649863757e+024,1.8084649866514e+024,-1.4769338754451e+029,
40.1,1.,-1.1814781179092e+029,-1.8084649863757e+024,1.8084649866514e+024,-1.4769335419164e+029,
40.2,1.,-1.1814794190846e+029,-1.8084649863757e+024,1.8084649866514e+024,-1.4769332166225e+029,
40.3,1.,-1.1814806881339e+029,-1.8084649863757e+024,1.8084649866514e+024,-1.4769328993602e+029,
40.4,1.,-1.1814819258503e+029,-1.8084649863757e+024,1.8084649866514e+024,-1.4769325899311e+029,
40.5,1.,-1.1814831330073e+029,-1.8084649863757e+024,1.8084649866514e+024,-1.4769322881419e+029,
40.6,1.,-1.1814843103596e+029,-1.8084649863757e+024,1.8084649866514e+024,-1.4769319938038e+029,
40.7,1.,-1.1814854586429e+029,-1.8084649863757e+024,1.8084649866514e+024,-1.476931706733e+029,
40.8,1.,-1.1814865785749e+029,-1.8084649863757e+024,1.8084649866514e+024,-1.47693142675e+029,
40.9,1.,-1.1814876708558e+029,-1.8084649863757e+024,1.8084649866514e+024,-1.4769311536797e+029,
41.,1.,-1.1814887361682e+029,-1.8084649863757e+024,1.8084649866514e+024,-1.4769308873516e+029,
41.1,1.,-1.1814897751779e+029,-1.8084649863757e+024,1.8084649866514e+024,-1.4769306275992e+029,
41.2,1.,-1.1814907885343e+029,-1.8084649863757e+024,1.8084649866514e+024,-1.4769303742601e+029,
41.3,1.,-1.1814917768709e+029,-1.8084649863757e+024,1.8084649866514e+024,-1.476930127176e+029,
41.4,1.,-1.1814927408054e+029,-1.8084649863757e+024,1.8084649866514e+024,-1.4769298861923e+029,
41.5,1.,-1.1814936809402e+029,-1.8084649863757e+024,1.8084649866514e+024,-1.4769296511586e+029,
41.6,1.,-1.1814945978631e+029,-1.8084649863757e+024,1.8084649866514e+024,-1.4769294219279e+029,
41.7,1.,-1.181495492147e+029,-1.8084649863757e+024,1.8084649866514e+024,-1.4769291983569e+029,
41.8,1.,-1.181496364351e+029,-1.8084649863757e+024,1.8084649866514e+024,-1.4769289803059e+029,
41.9,1.,-1.1814972150202e+029,-1.8084649863757e+024,1.8084649866514e+024,-1.4769287676386e+029,
42.,1.,-1.1814980446863e+029,-1.8084649863757e+024,1.8084649866514e+024,-1.4769285602221e+029,
42.1,1.,-1.1814988538678e+029,-1.8084649863757e+024,1.8084649866514e+024,-1.4769283579267e+029,
42.2,1.,-1.1814996430706e+029,-1.8084649863757e+024,1.8084649866514e+024,-1.476928160626e+029,
42.3,1.,-1.181500412788e+029,-1.8084649863757e+024,1.8084649866514e+024,-1.4769279681967e+029,
42.4,1.,-1.1815011635009e+029,-1.8084649863757e+024,1.8084649866514e+024,-1.4769277805185e+029,
42.5,1.,-1.1815018956786e+029,-1.8084649863757e+024,1.8084649866514e+024,-1.476927597474e+029,
42.6,1.,-1.1815026097789e+029,-1.8084649863757e+024,1.8084649866514e+024,-1.476927418949e+029,
42.7,1.,-1.1815033062479e+029,-1.8084649863757e+024,1.8084649866514e+024,-1.4769272448317e+029,
42.8,1.,-1.181503985521e+029,-1.8084649863757e+024,1.8084649866514e+024,-1.4769270750134e+029,
42.9,1.,-1.1815046480229e+029,-1.8084649863757e+024,1.8084649866514e+024,-1.476926909388e+029,
43.,1.,-1.1815052941675e+029,-1.8084649863757e+024,1.8084649866514e+024,-1.4769267478518e+029,
43.1,1.,-1.1815059243587e+029,-1.8084649863757e+024,1.8084649866514e+024,-1.476926590304e+029,
43.2,1.,-1.1815065389905e+029,-1.8084649863757e+024,1.8084649866514e+024,-1.4769264366461e+029,
43.3,1.,-1.1815071384469e+029,-1.8084649863757e+024,1.8084649866514e+024,-1.476926286782e+029,
43.4,1.,-1.1815077231027e+029,-1.8084649863757e+024,1.8084649866514e+024,-1.476926140618e+029,
43.5,1.,-1.1815082933233e+029,-1.8084649863757e+024,1.8084649866514e+024,-1.4769259980629e+029,
43.6,1.,-1.1815088494652e+029,-1.8084649863757e+024,1.8084649866514e+024,-1.4769258590274e+029,
43.7,1.,-1.1815093918758e+029,-1.8084649863757e+024,1.8084649866514e+024,-1.4769257234247e+029,
43.8,1.,-1.1815099208942e+029,-1.8084649863757e+024,1.8084649866514e+024,-1.4769255911701e+029,
43.9,1.,-1.1815104368512e+029,-1.8084649863757e+024,1.8084649866514e+024,-1.4769254621809e+029,
44.,1.,-1.1815109400691e+029,-1.8084649863757e+024,1.8084649866514e+024,-1.4769253363764e+029,
44.1,1.,-1.1815114308625e+029,-1.8084649863757e+024,1.8084649866514e+024,-1.4769252136781e+029,
44.2,1.,-1.1815119095382e+029,-1.8084649863757e+024,1.8084649866514e+024,-1.4769250940091e+029,
44.3,1.,-1.1815123763954e+029,-1.8084649863757e+024,1.8084649866514e+024,-1.4769249772948e+029,
44.4,1.,-1.1815128317258e+029,-1.8084649863757e+024,1.8084649866514e+024,-1.4769248634622e+029,
44.5,1.,-1.181513275814e+029,-1.8084649863757e+024,1.8084649866514e+024,-1.4769247524402e+029,
44.6,1.,-1.1815137089377e+029,-1.8084649863757e+024,1.8084649866514e+024,-1.4769246441593e+029,
44.7,1.,-1.1815141313675e+029,-1.8084649863757e+024,1.8084649866514e+024,-1.4769245385518e+029,
44.8,1.,-1.1815145433675e+029,-1.8084649863757e+024,1.8084649866514e+024,-1.4769244355518e+029,
44.9,1.,-1.1815149451952e+029,-1.8084649863757e+024,1.8084649866514e+024,-1.4769243350949e+029,
45.,1.,-1.1815153371017e+029,-1.8084649863757e+024,1.8084649866514e+024,-1.4769242371183e+029,
45.1,1.,-1.181515719332e+029,-1.8084649863757e+024,1.8084649866514e+024,-1.4769241415607e+029,
45.2,1.,-1.181516092125e+029,-1.8084649863757e+024,1.8084649866514e+024,-1.4769240483624e+029,
45.3,1.,-1.1815164557137e+029,-1.8084649863757e+024,1.8084649866514e+024,-1.4769239574653e+029,
45.4,1.,-1.1815168103254e+029,-1.8084649863757e+024,1.8084649866514e+024,-1.4769238688123e+029,
45.5,1.,-1.1815171561817e+029,-1.8084649863757e+024,1.8084649866514e+024,-1.4769237823483e+029,
45.6,1.,-1.1815174934988e+029,-1.8084649863757e+024,1.8084649866514e+024,-1.476923698019e+029,
45.7,1.,-1.1815178224874e+029,-1.8084649863757e+024,1.8084649866514e+024,-1.4769236157718e+029,
45.8,1.,-1.1815181433534e+029,-1.8084649863757e+024,1.8084649866514e+024,-1.4769235355554e+029,
45.9,1.,-1.1815184562971e+029,-1.8084649863757e+024,1.8084649866514e+024,-1.4769234573194e+029,
46.,1.,-1.1815187615142e+029,-1.8084649863757e+024,1.8084649866514e+024,-1.4769233810151e+029,
46.1,1.,-1.1815190591954e+029,-1.8084649863757e+024,1.8084649866514e+024,-1.4769233065948e+029,
46.2,1.,-1.1815193495269e+029,-1.8084649863757e+024,1.8084649866514e+024,-1.476923234012e+029,
46.3,1.,-1.1815196326901e+029,-1.8084649863757e+024,1.8084649866514e+024,-1.4769231632212e+029,
46.4,1.,-1.1815199088619e+029,-1.8084649863757e+024,1.8084649866514e+024,-1.4769230941782e+029,
46.5,1.,-1.1815201782151e+029,-1.8084649863757e+024,1.8084649866514e+024,-1.4769230268399e+029,
46.6,1.,-1.1815204409179e+029,-1.8084649863757e+024,1.8084649866514e+024,-1.4769229611642e+029,
46.7,1.,-1.1815206971345e+029,-1.8084649863757e+024,1.8084649866514e+024,-1.4769228971101e+029,
46.8,1.,-1.1815209470251e+029,-1.8084649863757e+024,1.8084649866514e+024,-1.4769228346374e+029,
46.9,1.,-1.1815211907459e+029,-1.8084649863757e+024,1.8084649866514e+024,-1.4769227737072e+029,
47.,1.,-1.1815214284493e+029,-1.8084649863757e+024,1.8084649866514e+024,-1.4769227142814e+029,
47.1,1.,-1.1815216602836e+029,-1.8084649863757e+024,1.8084649866514e+024,-1.4769226563228e+029,
47.2,1.,-1.181521886394e+029,-1.8084649863757e+024,1.8084649866514e+024,-1.4769225997952e+029,
47.3,1.,-1.1815221069217e+029,-1.8084649863757e+024,1.8084649866514e+024,-1.4769225446633e+029,
47.4,1.,-1.1815223220046e+029,-1.8084649863757e+024,1.8084649866514e+024,-1.4769224908925e+029,
47.5,1.,-1.181522531777e+029,-1.8084649863757e+024,1.8084649866514e+024,-1.4769224384494e+029,
47.6,1.,-1.1815227363702e+029,-1.8084649863757e+024,1.8084649866514e+024,-1.4769223873011e+029,
47.7,1.,-1.1815229359119e+029,-1.8084649863757e+024,1.8084649866514e+024,-1.4769223374157e+029,
47.8,1.,-1.1815231305269e+029,-1.8084649863757e+024,1.8084649866514e+024,-1.476922288762e+029,
47.9,1.,-1.1815233203369e+029,-1.8084649863757e+024,1.8084649866514e+024,-1.4769222413095e+029,
48.,1.,-1.1815235054604e+029,-1.8084649863757e+024,1.8084649866514e+024,-1.4769221950286e+029,
48.1,1.,-1.1815236860132e+029,-1.8084649863757e+024,1.8084649866514e+024,-1.4769221498904e+029,
48.2,1.,-1.1815238621082e+029,-1.8084649863757e+024,1.8084649866514e+024,-1.4769221058667e+029,
48.3,1.,-1.1815240338553e+029,-1.8084649863757e+024,1.8084649866514e+024,-1.4769220629299e+029,
48.4,1.,-1.181524201362e+029,-1.8084649863757e+024,1.8084649866514e+024,-1.4769220210532e+029,
48.5,1.,-1.1815243647329e+029,-1.8084649863757e+024,1.8084649866514e+024,-1.4769219802105e+029,
48.6,1.,-1.1815245240702e+029,-1.8084649863757e+024,1.8084649866514e+024,-1.4769219403761e+029,
48.7,1.,-1.1815246794735e+029,-1.8084649863757e+024,1.8084649866514e+024,-1.4769219015253e+029,
48.8,1.,-1.1815248310398e+029,-1.8084649863757e+024,1.8084649866514e+024,-1.4769218636337e+029,
48.9,1.,-1.1815249788639e+029,-1.8084649863757e+024,1.8084649866514e+024,-1.4769218266777e+029,
49.,1.,-1.1815251230383e+029,-1.8084649863757e+024,1.8084649866514e+024,-1.4769217906341e+029,
49.1,1.,-1.181525263653e+029,-1.8084649863757e+024,1.8084649866514e+024,-1.4769217554804e+029,
49.2,1.,-1.1815254007959e+029,-1.8084649863757e+024,1.8084649866514e+024,-1.4769217211947e+029,
49.3,1.,-1.1815255345527e+029,-1.8084649863757e+024,1.8084649866514e+024,-1.4769216877555e+029,
49.4,1.,-1.181525665007e+029,-1.8084649863757e+024,1.8084649866514e+024,-1.4769216551419e+029,
49.5,1.,-1.1815257922404e+029,-1.8084649863757e+024,1.8084649866514e+024,-1.4769216233336e+029,
49.6,1.,-1.1815259163324e+029,-1.8084649863757e+024,1.8084649866514e+024,-1.4769215923106e+029,
49.7,1.,-1.1815260373606e+029,-1.8084649863757e+024,1.8084649866514e+024,-1.4769215620535e+029,
49.8,1.,-1.1815261554006e+029,-1.8084649863757e+024,1.8084649866514e+024,-1.4769215325435e+029,
49.9,1.,-1.1815262705261e+029,-1.8084649863757e+024,1.8084649866514e+024,-1.4769215037622e+029,
50.,1.,-1.1815263828092e+029,-1.8084649863757e+024,1.8084649866514e+024,-1.4769214756914e+029,